label	status	run_ids	returncode	started_at	finished_at	command
eastmoney__dividend_main 2006	success	1d4e68e4-d9ee-4f7f-95a1-6f3012a0942d	0	2026-06-02T18:03:19.042886+00:00	2026-06-02T18:03:29.904520+00:00	uv run dg launch --target-path scheduler --assets key:clickhouse/raw/eastmoney__dividend_main --partition 2006
eastmoney__dividend_main 2007	success	3ad80c4e-df30-47e1-a723-bc8252c42b8d	0	2026-06-02T18:03:29.905292+00:00	2026-06-02T18:03:40.886775+00:00	uv run dg launch --target-path scheduler --assets key:clickhouse/raw/eastmoney__dividend_main --partition 2007
eastmoney__dividend_main 2008	success	c365be8f-e04b-4f3c-9f56-69a48853daf8	0	2026-06-02T18:03:40.887422+00:00	2026-06-02T18:03:51.827527+00:00	uv run dg launch --target-path scheduler --assets key:clickhouse/raw/eastmoney__dividend_main --partition 2008
eastmoney__dividend_main 2009	success	8a4b3348-9bcb-47bc-9d11-2d4b1352bfa4	0	2026-06-02T18:03:51.828143+00:00	2026-06-02T18:04:02.608588+00:00	uv run dg launch --target-path scheduler --assets key:clickhouse/raw/eastmoney__dividend_main --partition 2009
eastmoney__dividend_main 2010	success	60195d2b-1779-4b44-be0e-751946c1168d	0	2026-06-02T18:04:02.609069+00:00	2026-06-02T18:04:13.535905+00:00	uv run dg launch --target-path scheduler --assets key:clickhouse/raw/eastmoney__dividend_main --partition 2010
eastmoney__dividend_main 2011	success	bc900b15-0c9b-471c-b0b2-5ff44c1fce96	0	2026-06-02T18:04:13.536539+00:00	2026-06-02T18:04:24.490251+00:00	uv run dg launch --target-path scheduler --assets key:clickhouse/raw/eastmoney__dividend_main --partition 2011
eastmoney__dividend_main 2012	success	b3ff1eca-f531-493f-8c84-c77f44708fc5	0	2026-06-02T18:04:24.490886+00:00	2026-06-02T18:04:35.231499+00:00	uv run dg launch --target-path scheduler --assets key:clickhouse/raw/eastmoney__dividend_main --partition 2012
eastmoney__dividend_main 2013	success	578dc34f-2b24-440c-829c-ddd0e5b2ac59	0	2026-06-02T18:04:35.232105+00:00	2026-06-02T18:04:46.250519+00:00	uv run dg launch --target-path scheduler --assets key:clickhouse/raw/eastmoney__dividend_main --partition 2013
eastmoney__dividend_main 2014	success	d7ee73b1-d02f-43f3-9902-7a4b40261b4f	0	2026-06-02T18:04:46.251139+00:00	2026-06-02T18:04:57.068812+00:00	uv run dg launch --target-path scheduler --assets key:clickhouse/raw/eastmoney__dividend_main --partition 2014
eastmoney__dividend_main 2015	success	d60e38eb-e4ab-47aa-ab5d-2adcd3e96bd3	0	2026-06-02T18:04:57.069430+00:00	2026-06-02T18:05:08.014044+00:00	uv run dg launch --target-path scheduler --assets key:clickhouse/raw/eastmoney__dividend_main --partition 2015
eastmoney__dividend_main 2016	success	8ea62546-dcc3-4262-95fb-0a35925a2de8	0	2026-06-02T18:05:08.014724+00:00	2026-06-02T18:05:19.162407+00:00	uv run dg launch --target-path scheduler --assets key:clickhouse/raw/eastmoney__dividend_main --partition 2016
eastmoney__dividend_main 2017	success	dba98f4c-1392-497e-89b4-079e2a37dfce	0	2026-06-02T18:05:19.163053+00:00	2026-06-02T18:05:30.206091+00:00	uv run dg launch --target-path scheduler --assets key:clickhouse/raw/eastmoney__dividend_main --partition 2017
eastmoney__dividend_main 2018	success	5247b8a5-f9a7-4643-b4ff-6011f8043921	0	2026-06-02T18:05:30.206811+00:00	2026-06-02T18:05:41.150879+00:00	uv run dg launch --target-path scheduler --assets key:clickhouse/raw/eastmoney__dividend_main --partition 2018
eastmoney__dividend_main 2019	success	9767b608-de3f-4ce3-9f9b-7baf5b7aab9d	0	2026-06-02T18:05:41.151183+00:00	2026-06-02T18:05:52.089249+00:00	uv run dg launch --target-path scheduler --assets key:clickhouse/raw/eastmoney__dividend_main --partition 2019
eastmoney__dividend_main 2020	success	d931560a-90d8-4019-8d46-12cbbf5719e4	0	2026-06-02T18:05:52.089539+00:00	2026-06-02T18:06:03.167180+00:00	uv run dg launch --target-path scheduler --assets key:clickhouse/raw/eastmoney__dividend_main --partition 2020
eastmoney__dividend_main 2021	success	37ecb3b8-53aa-43e8-8811-b718cf87b7bc	0	2026-06-02T18:06:03.167507+00:00	2026-06-02T18:06:14.018191+00:00	uv run dg launch --target-path scheduler --assets key:clickhouse/raw/eastmoney__dividend_main --partition 2021
eastmoney__dividend_main 2022	success	9c200dd2-0376-49b0-820a-8901f698e51f	0	2026-06-02T18:06:14.018499+00:00	2026-06-02T18:06:25.164767+00:00	uv run dg launch --target-path scheduler --assets key:clickhouse/raw/eastmoney__dividend_main --partition 2022
eastmoney__dividend_main 2023	success	8830bb9e-c607-4166-863f-ac4b3ccb166b	0	2026-06-02T18:06:25.165056+00:00	2026-06-02T18:06:36.234656+00:00	uv run dg launch --target-path scheduler --assets key:clickhouse/raw/eastmoney__dividend_main --partition 2023
eastmoney__dividend_main 2024	success	8f91ef91-1f66-4f53-9fd3-3fb2824951e2	0	2026-06-02T18:06:36.234968+00:00	2026-06-02T18:06:47.121479+00:00	uv run dg launch --target-path scheduler --assets key:clickhouse/raw/eastmoney__dividend_main --partition 2024
eastmoney__dividend_main 2025	success	1a334324-d2da-4b3d-9721-8beff1380dd6	0	2026-06-02T18:06:47.122094+00:00	2026-06-02T18:06:58.043197+00:00	uv run dg launch --target-path scheduler --assets key:clickhouse/raw/eastmoney__dividend_main --partition 2025
eastmoney__dividend_main 2026	success	9bf67273-0177-4b1d-a73f-7cad13c46ddc	0	2026-06-02T18:06:58.043506+00:00	2026-06-02T18:07:08.993187+00:00	uv run dg launch --target-path scheduler --assets key:clickhouse/raw/eastmoney__dividend_main --partition 2026
eastmoney__equity_history 1990	success	ec4336a9-40e2-491b-affd-bcdb6737815c	0	2026-06-02T18:07:08.993529+00:00	2026-06-02T18:07:19.906827+00:00	uv run dg launch --target-path scheduler --assets key:clickhouse/raw/eastmoney__equity_history --partition 1990
eastmoney__equity_history 1991	success	9b436767-8737-4824-a854-48e170964268	0	2026-06-02T18:07:19.907124+00:00	2026-06-02T18:07:30.879881+00:00	uv run dg launch --target-path scheduler --assets key:clickhouse/raw/eastmoney__equity_history --partition 1991
eastmoney__equity_history 1992	success	ab765697-095c-4afd-90b7-286a3b8eb02b	0	2026-06-02T18:07:30.880255+00:00	2026-06-02T18:07:41.635398+00:00	uv run dg launch --target-path scheduler --assets key:clickhouse/raw/eastmoney__equity_history --partition 1992
eastmoney__equity_history 1993	success	92c4d08d-2706-48b3-9549-db67307b6daf	0	2026-06-02T18:07:41.635706+00:00	2026-06-02T18:07:52.567785+00:00	uv run dg launch --target-path scheduler --assets key:clickhouse/raw/eastmoney__equity_history --partition 1993
eastmoney__equity_history 1994	success	63d1d921-62fc-4200-8f87-8cd86c4d7ca6	0	2026-06-02T18:07:52.568088+00:00	2026-06-02T18:08:03.667833+00:00	uv run dg launch --target-path scheduler --assets key:clickhouse/raw/eastmoney__equity_history --partition 1994
eastmoney__equity_history 1995	success	6cacb3a8-8b14-48c0-9bb4-7e7b19b65d30	0	2026-06-02T18:08:03.668462+00:00	2026-06-02T18:08:14.698551+00:00	uv run dg launch --target-path scheduler --assets key:clickhouse/raw/eastmoney__equity_history --partition 1995
eastmoney__equity_history 1996	success	f08b90ee-eee4-4675-9ab7-002062f84dcd	0	2026-06-02T18:08:14.699150+00:00	2026-06-02T18:08:25.560661+00:00	uv run dg launch --target-path scheduler --assets key:clickhouse/raw/eastmoney__equity_history --partition 1996
eastmoney__equity_history 1997	success	aa3386cd-3baf-4048-a9b6-1f607b07338e	0	2026-06-02T18:08:25.561258+00:00	2026-06-02T18:08:36.518697+00:00	uv run dg launch --target-path scheduler --assets key:clickhouse/raw/eastmoney__equity_history --partition 1997
eastmoney__equity_history 1998	success	824c5c74-6b50-4116-93bb-c864e42887c0	0	2026-06-02T18:08:36.519002+00:00	2026-06-02T18:08:47.469483+00:00	uv run dg launch --target-path scheduler --assets key:clickhouse/raw/eastmoney__equity_history --partition 1998
eastmoney__equity_history 1999	success	dc145adc-f7aa-4fdb-8454-8baeb561b803	0	2026-06-02T18:08:47.470071+00:00	2026-06-02T18:08:58.650060+00:00	uv run dg launch --target-path scheduler --assets key:clickhouse/raw/eastmoney__equity_history --partition 1999
eastmoney__equity_history 2000	success	95333e52-3339-4b2c-a6ef-ce37878c97dd	0	2026-06-02T18:08:58.650679+00:00	2026-06-02T18:09:09.739629+00:00	uv run dg launch --target-path scheduler --assets key:clickhouse/raw/eastmoney__equity_history --partition 2000
eastmoney__equity_history 2001	success	42d9e111-e7f2-4022-803a-ead1b2d2b901	0	2026-06-02T18:09:09.740015+00:00	2026-06-02T18:09:20.894983+00:00	uv run dg launch --target-path scheduler --assets key:clickhouse/raw/eastmoney__equity_history --partition 2001
eastmoney__equity_history 2002	success	4ca898cf-3187-4774-8172-4b8891f443e9	0	2026-06-02T18:09:20.895617+00:00	2026-06-02T18:09:31.949688+00:00	uv run dg launch --target-path scheduler --assets key:clickhouse/raw/eastmoney__equity_history --partition 2002
eastmoney__equity_history 2003	success	c3e0cebe-1686-45ee-a216-68f9c0ef372b	0	2026-06-02T18:09:31.950014+00:00	2026-06-02T18:09:42.940412+00:00	uv run dg launch --target-path scheduler --assets key:clickhouse/raw/eastmoney__equity_history --partition 2003
eastmoney__equity_history 2004	success	b635585f-ba89-4d4f-8a73-1b097cc3536c	0	2026-06-02T18:09:42.940767+00:00	2026-06-02T18:09:53.976116+00:00	uv run dg launch --target-path scheduler --assets key:clickhouse/raw/eastmoney__equity_history --partition 2004
eastmoney__equity_history 2005	success	a4487259-b968-457e-b507-ccb997e45820	0	2026-06-02T18:09:53.976419+00:00	2026-06-02T18:10:05.056636+00:00	uv run dg launch --target-path scheduler --assets key:clickhouse/raw/eastmoney__equity_history --partition 2005
eastmoney__equity_history 2006	success	3442d545-37f9-416a-a44e-76a106737d42	0	2026-06-02T18:10:05.057243+00:00	2026-06-02T18:10:16.167301+00:00	uv run dg launch --target-path scheduler --assets key:clickhouse/raw/eastmoney__equity_history --partition 2006
eastmoney__equity_history 2007	success	f5c137d9-9a66-48f3-97f1-5f2f787ad0f7	0	2026-06-02T18:10:16.167617+00:00	2026-06-02T18:10:27.115426+00:00	uv run dg launch --target-path scheduler --assets key:clickhouse/raw/eastmoney__equity_history --partition 2007
eastmoney__equity_history 2008	success	51262796-059e-4447-99b0-c0c07fada5da	0	2026-06-02T18:10:27.115732+00:00	2026-06-02T18:10:37.981033+00:00	uv run dg launch --target-path scheduler --assets key:clickhouse/raw/eastmoney__equity_history --partition 2008
eastmoney__equity_history 2009	success	a7046f35-c76a-4351-a148-baf16be8359d	0	2026-06-02T18:10:37.981664+00:00	2026-06-02T18:10:49.107424+00:00	uv run dg launch --target-path scheduler --assets key:clickhouse/raw/eastmoney__equity_history --partition 2009
eastmoney__equity_history 2010	success	589d5efb-b159-4dfb-a05f-6c885bbe8ed3	0	2026-06-02T18:10:49.108029+00:00	2026-06-02T18:11:00.071023+00:00	uv run dg launch --target-path scheduler --assets key:clickhouse/raw/eastmoney__equity_history --partition 2010
eastmoney__equity_history 2011	success	549ff83a-0b7b-4816-9896-e8c3c184ae9d	0	2026-06-02T18:11:00.071333+00:00	2026-06-02T18:11:11.129569+00:00	uv run dg launch --target-path scheduler --assets key:clickhouse/raw/eastmoney__equity_history --partition 2011
eastmoney__equity_history 2012	success	bd9b29aa-a003-49da-9e43-36c989219258	0	2026-06-02T18:11:11.130171+00:00	2026-06-02T18:11:22.014952+00:00	uv run dg launch --target-path scheduler --assets key:clickhouse/raw/eastmoney__equity_history --partition 2012
eastmoney__equity_history 2013	success	5dbc9986-826d-4f76-bfb0-7bf641273214	0	2026-06-02T18:11:22.015568+00:00	2026-06-02T18:11:32.891768+00:00	uv run dg launch --target-path scheduler --assets key:clickhouse/raw/eastmoney__equity_history --partition 2013
eastmoney__equity_history 2014	success	03f397f1-7ebc-4de8-8a2f-f24a90d1735f	0	2026-06-02T18:11:32.892411+00:00	2026-06-02T18:11:43.890058+00:00	uv run dg launch --target-path scheduler --assets key:clickhouse/raw/eastmoney__equity_history --partition 2014
eastmoney__equity_history 2015	success	12d184b1-cb14-4863-9595-de6bb2219e56	0	2026-06-02T18:11:43.890400+00:00	2026-06-02T18:11:54.961672+00:00	uv run dg launch --target-path scheduler --assets key:clickhouse/raw/eastmoney__equity_history --partition 2015
eastmoney__equity_history 2016	success	c0813232-6eb5-412c-a4fb-a9c5a9a55d20	0	2026-06-02T18:11:54.962256+00:00	2026-06-02T18:12:05.871771+00:00	uv run dg launch --target-path scheduler --assets key:clickhouse/raw/eastmoney__equity_history --partition 2016
eastmoney__equity_history 2017	success	e6f6b9e7-ef1d-4bf5-ab20-4fa92db58464	0	2026-06-02T18:12:05.872417+00:00	2026-06-02T18:12:16.840459+00:00	uv run dg launch --target-path scheduler --assets key:clickhouse/raw/eastmoney__equity_history --partition 2017
eastmoney__equity_history 2018	success	c3636392-6409-4e49-9cdc-7cc34b75b8bc	0	2026-06-02T18:12:16.841042+00:00	2026-06-02T18:12:28.027355+00:00	uv run dg launch --target-path scheduler --assets key:clickhouse/raw/eastmoney__equity_history --partition 2018
eastmoney__equity_history 2019	success	09620287-8372-48b9-92b8-358f40783598	0	2026-06-02T18:12:28.027882+00:00	2026-06-02T18:12:38.912551+00:00	uv run dg launch --target-path scheduler --assets key:clickhouse/raw/eastmoney__equity_history --partition 2019
eastmoney__equity_history 2020	success	34b78f52-0800-4840-87a3-ee55a0682b08	0	2026-06-02T18:12:38.913144+00:00	2026-06-02T18:12:50.070817+00:00	uv run dg launch --target-path scheduler --assets key:clickhouse/raw/eastmoney__equity_history --partition 2020
eastmoney__equity_history 2021	success	dfe71d93-53fa-4485-8b35-9f6781f5ace7	0	2026-06-02T18:12:50.071260+00:00	2026-06-02T18:13:01.213669+00:00	uv run dg launch --target-path scheduler --assets key:clickhouse/raw/eastmoney__equity_history --partition 2021
eastmoney__equity_history 2022	success	cebc0072-0c01-492d-9a70-4a005f5f6ec7	0	2026-06-02T18:13:01.214012+00:00	2026-06-02T18:13:12.343067+00:00	uv run dg launch --target-path scheduler --assets key:clickhouse/raw/eastmoney__equity_history --partition 2022
eastmoney__equity_history 2023	success	ae0766da-baef-48df-a06a-d7886bad90e3	0	2026-06-02T18:13:12.343686+00:00	2026-06-02T18:13:23.406542+00:00	uv run dg launch --target-path scheduler --assets key:clickhouse/raw/eastmoney__equity_history --partition 2023
eastmoney__equity_history 2024	success	7597af95-ac45-4105-987f-610f410c2723	0	2026-06-02T18:13:23.407129+00:00	2026-06-02T18:13:34.464821+00:00	uv run dg launch --target-path scheduler --assets key:clickhouse/raw/eastmoney__equity_history --partition 2024
eastmoney__equity_history 2025	success	842a7c2f-a171-436c-9cf1-2a92a017e074	0	2026-06-02T18:13:34.465278+00:00	2026-06-02T18:13:45.419523+00:00	uv run dg launch --target-path scheduler --assets key:clickhouse/raw/eastmoney__equity_history --partition 2025
eastmoney__equity_history 2026	success	5f4e08b9-b9d5-42dd-817b-de0c688f362b	0	2026-06-02T18:13:45.420147+00:00	2026-06-02T18:13:56.532402+00:00	uv run dg launch --target-path scheduler --assets key:clickhouse/raw/eastmoney__equity_history --partition 2026
eastmoney__income_sq 1990	success	8b2a9c11-1f74-4fc6-8e4d-2c00ad477b14	0	2026-06-02T18:13:56.532987+00:00	2026-06-02T18:14:07.633450+00:00	uv run dg launch --target-path scheduler --assets key:clickhouse/raw/eastmoney__income_sq --partition 1990
eastmoney__income_sq 1991	success	1df062d2-258a-421c-b076-e526041ae65f	0	2026-06-02T18:14:07.634058+00:00	2026-06-02T18:14:18.693263+00:00	uv run dg launch --target-path scheduler --assets key:clickhouse/raw/eastmoney__income_sq --partition 1991
eastmoney__income_sq 1992	success	077195c4-3ded-434f-8d2e-b7edb7c5129d	0	2026-06-02T18:14:18.693888+00:00	2026-06-02T18:14:29.626591+00:00	uv run dg launch --target-path scheduler --assets key:clickhouse/raw/eastmoney__income_sq --partition 1992
eastmoney__income_sq 1993	success	93c3cd4d-3d98-4488-bb48-88bf84882469	0	2026-06-02T18:14:29.627200+00:00	2026-06-02T18:14:40.869498+00:00	uv run dg launch --target-path scheduler --assets key:clickhouse/raw/eastmoney__income_sq --partition 1993
eastmoney__income_sq 1994	success	09c2fda2-a0da-4245-8715-20ecc5a3e907	0	2026-06-02T18:14:40.870095+00:00	2026-06-02T18:14:52.246788+00:00	uv run dg launch --target-path scheduler --assets key:clickhouse/raw/eastmoney__income_sq --partition 1994
eastmoney__income_sq 1995	success	3d38a195-362f-43d3-9283-564535ce7b4a	0	2026-06-02T18:14:52.247470+00:00	2026-06-02T18:15:03.692116+00:00	uv run dg launch --target-path scheduler --assets key:clickhouse/raw/eastmoney__income_sq --partition 1995
eastmoney__income_sq 1996	success	2f8a3e46-cedb-43bc-9259-b3c2de9e75dc	0	2026-06-02T18:15:03.692752+00:00	2026-06-02T18:15:14.708649+00:00	uv run dg launch --target-path scheduler --assets key:clickhouse/raw/eastmoney__income_sq --partition 1996
eastmoney__income_sq 1997	success	ed048496-318a-46b8-b1cc-67e5ea132abc	0	2026-06-02T18:15:14.709255+00:00	2026-06-02T18:15:25.732013+00:00	uv run dg launch --target-path scheduler --assets key:clickhouse/raw/eastmoney__income_sq --partition 1997
eastmoney__income_sq 1998	success	f6e4b697-ebd5-49b7-8f11-c834c964f4b4	0	2026-06-02T18:15:25.732638+00:00	2026-06-02T18:15:36.789495+00:00	uv run dg launch --target-path scheduler --assets key:clickhouse/raw/eastmoney__income_sq --partition 1998
eastmoney__income_sq 1999	success	ed98a1e4-5b5f-4c66-8561-546c0d584414	0	2026-06-02T18:15:36.789780+00:00	2026-06-02T18:15:47.669389+00:00	uv run dg launch --target-path scheduler --assets key:clickhouse/raw/eastmoney__income_sq --partition 1999
eastmoney__income_sq 2000	success	00fb7052-5c03-4c53-a2e4-b648b7b1261d	0	2026-06-02T18:15:47.669995+00:00	2026-06-02T18:15:58.860580+00:00	uv run dg launch --target-path scheduler --assets key:clickhouse/raw/eastmoney__income_sq --partition 2000
eastmoney__income_sq 2001	success	d07a6c90-e033-453f-bae1-29f734045c43	0	2026-06-02T18:15:58.861218+00:00	2026-06-02T18:16:10.485606+00:00	uv run dg launch --target-path scheduler --assets key:clickhouse/raw/eastmoney__income_sq --partition 2001
eastmoney__income_sq 2002	success	ea0b8a3b-c6b0-4f8c-88f5-f21f5e7cfe4a	0	2026-06-02T18:16:10.486213+00:00	2026-06-02T18:16:21.473284+00:00	uv run dg launch --target-path scheduler --assets key:clickhouse/raw/eastmoney__income_sq --partition 2002
eastmoney__income_sq 2003	success	f59fa160-cf27-46bc-b187-979facf48a55	0	2026-06-02T18:16:21.473927+00:00	2026-06-02T18:16:32.601129+00:00	uv run dg launch --target-path scheduler --assets key:clickhouse/raw/eastmoney__income_sq --partition 2003
eastmoney__income_sq 2004	success	3928ecb8-bae2-4c5a-b631-440af7c88f27	0	2026-06-02T18:16:32.601797+00:00	2026-06-02T18:16:44.046946+00:00	uv run dg launch --target-path scheduler --assets key:clickhouse/raw/eastmoney__income_sq --partition 2004
eastmoney__income_sq 2005	success	8b7c5858-ae45-453d-8471-77927d8f1c71	0	2026-06-02T18:16:44.047289+00:00	2026-06-02T18:16:55.199599+00:00	uv run dg launch --target-path scheduler --assets key:clickhouse/raw/eastmoney__income_sq --partition 2005
eastmoney__income_sq 2006	success	b2718ab5-5879-4ecc-a8f5-1f6da1da3a2f	0	2026-06-02T18:16:55.200187+00:00	2026-06-02T18:17:06.691573+00:00	uv run dg launch --target-path scheduler --assets key:clickhouse/raw/eastmoney__income_sq --partition 2006
eastmoney__income_sq 2007	success	b3fae18d-7458-409a-9996-e184ce57ebce	0	2026-06-02T18:17:06.692189+00:00	2026-06-02T18:17:18.189711+00:00	uv run dg launch --target-path scheduler --assets key:clickhouse/raw/eastmoney__income_sq --partition 2007
eastmoney__income_sq 2008	success	0cc80810-5011-4868-862f-a3da240f504d	0	2026-06-02T18:17:18.190317+00:00	2026-06-02T18:17:29.595807+00:00	uv run dg launch --target-path scheduler --assets key:clickhouse/raw/eastmoney__income_sq --partition 2008
eastmoney__income_sq 2009	success	821830f2-95a0-4acc-a505-e611a8ccbb72	0	2026-06-02T18:17:29.596439+00:00	2026-06-02T18:17:40.889237+00:00	uv run dg launch --target-path scheduler --assets key:clickhouse/raw/eastmoney__income_sq --partition 2009
eastmoney__income_sq 2010	success	6cc981f2-7667-46ef-b9f9-31b88e2dea74	0	2026-06-02T18:17:40.889870+00:00	2026-06-02T18:17:52.617679+00:00	uv run dg launch --target-path scheduler --assets key:clickhouse/raw/eastmoney__income_sq --partition 2010
eastmoney__income_sq 2011	success	d65ddf2e-9cf7-481a-9431-ce0a40a0e70e	0	2026-06-02T18:17:52.618001+00:00	2026-06-02T18:18:04.114617+00:00	uv run dg launch --target-path scheduler --assets key:clickhouse/raw/eastmoney__income_sq --partition 2011
eastmoney__income_sq 2012	success	1e55d136-4737-4061-a6af-c82fbe9b985a	0	2026-06-02T18:18:04.114928+00:00	2026-06-02T18:18:15.414939+00:00	uv run dg launch --target-path scheduler --assets key:clickhouse/raw/eastmoney__income_sq --partition 2012
eastmoney__income_sq 2013	success	297ca214-4ffb-4079-91c9-c70d37de9e90	0	2026-06-02T18:18:15.415843+00:00	2026-06-02T18:18:26.639752+00:00	uv run dg launch --target-path scheduler --assets key:clickhouse/raw/eastmoney__income_sq --partition 2013
eastmoney__income_sq 2014	success	32c3b0df-d51a-429c-8c49-cff4071f5957	0	2026-06-02T18:18:26.640356+00:00	2026-06-02T18:18:38.003446+00:00	uv run dg launch --target-path scheduler --assets key:clickhouse/raw/eastmoney__income_sq --partition 2014
eastmoney__income_sq 2015	success	3cd07151-6a13-4b5f-9e7d-5d4123f25731	0	2026-06-02T18:18:38.003896+00:00	2026-06-02T18:18:49.508698+00:00	uv run dg launch --target-path scheduler --assets key:clickhouse/raw/eastmoney__income_sq --partition 2015
eastmoney__income_sq 2016	success	65d415ce-e571-4e63-bd17-32f55374d176	0	2026-06-02T18:18:49.509310+00:00	2026-06-02T18:19:00.953775+00:00	uv run dg launch --target-path scheduler --assets key:clickhouse/raw/eastmoney__income_sq --partition 2016
eastmoney__income_sq 2017	success	1d111587-3dbe-4dbd-a9b5-e61874a2f392	0	2026-06-02T18:19:00.954435+00:00	2026-06-02T18:19:12.610854+00:00	uv run dg launch --target-path scheduler --assets key:clickhouse/raw/eastmoney__income_sq --partition 2017
eastmoney__income_sq 2018	success	a48f52cf-b6ec-457f-b34c-88e67de6a029	0	2026-06-02T18:19:12.611208+00:00	2026-06-02T18:19:24.014437+00:00	uv run dg launch --target-path scheduler --assets key:clickhouse/raw/eastmoney__income_sq --partition 2018
eastmoney__income_sq 2019	success	5c795679-1677-4efa-9551-955254d304f4	0	2026-06-02T18:19:24.015037+00:00	2026-06-02T18:19:35.589502+00:00	uv run dg launch --target-path scheduler --assets key:clickhouse/raw/eastmoney__income_sq --partition 2019
eastmoney__income_sq 2020	success	5a8009ca-5476-42b7-9209-2097c209a543	0	2026-06-02T18:19:35.590126+00:00	2026-06-02T18:19:46.852663+00:00	uv run dg launch --target-path scheduler --assets key:clickhouse/raw/eastmoney__income_sq --partition 2020
eastmoney__income_sq 2021	success	fe95628e-f6d1-4aba-a4bf-06587cf1c37a	0	2026-06-02T18:19:46.853251+00:00	2026-06-02T18:19:58.428494+00:00	uv run dg launch --target-path scheduler --assets key:clickhouse/raw/eastmoney__income_sq --partition 2021
eastmoney__income_sq 2022	success	c04534f3-78a2-4476-b83a-855f1a61bc88	0	2026-06-02T18:19:58.428809+00:00	2026-06-02T18:20:10.265358+00:00	uv run dg launch --target-path scheduler --assets key:clickhouse/raw/eastmoney__income_sq --partition 2022
eastmoney__income_sq 2023	success	caf13e26-f2ba-4bfd-828a-13a7685e278a	0	2026-06-02T18:20:10.265863+00:00	2026-06-02T18:20:21.824106+00:00	uv run dg launch --target-path scheduler --assets key:clickhouse/raw/eastmoney__income_sq --partition 2023
eastmoney__income_sq 2024	success	5f22312c-798f-4dc3-a5c2-3bb323750aed	0	2026-06-02T18:20:21.824479+00:00	2026-06-02T18:20:33.303825+00:00	uv run dg launch --target-path scheduler --assets key:clickhouse/raw/eastmoney__income_sq --partition 2024
eastmoney__income_sq 2025	success	2ff7d180-404c-4de1-ae4a-9597fcc248ce	0	2026-06-02T18:20:33.304448+00:00	2026-06-02T18:20:45.219797+00:00	uv run dg launch --target-path scheduler --assets key:clickhouse/raw/eastmoney__income_sq --partition 2025
eastmoney__income_sq 2026	success	da92345b-b9e8-403e-9f2f-feaa54133c3d	0	2026-06-02T18:20:45.220425+00:00	2026-06-02T18:20:56.714774+00:00	uv run dg launch --target-path scheduler --assets key:clickhouse/raw/eastmoney__income_sq --partition 2026
eastmoney__income_ytd 1990	success	cb88bc70-9b68-405f-9335-98153ba683c5	0	2026-06-02T18:20:56.715034+00:00	2026-06-02T18:21:07.715999+00:00	uv run dg launch --target-path scheduler --assets key:clickhouse/raw/eastmoney__income_ytd --partition 1990
eastmoney__income_ytd 1991	success	2c2c5a4d-7d5d-47cd-a8d3-31c2c31a4e73	0	2026-06-02T18:21:07.716625+00:00	2026-06-02T18:21:18.973413+00:00	uv run dg launch --target-path scheduler --assets key:clickhouse/raw/eastmoney__income_ytd --partition 1991
eastmoney__income_ytd 1992	success	436e5f15-a428-4198-b6b4-5f5dac2e9301	0	2026-06-02T18:21:18.974012+00:00	2026-06-02T18:21:29.918399+00:00	uv run dg launch --target-path scheduler --assets key:clickhouse/raw/eastmoney__income_ytd --partition 1992
eastmoney__income_ytd 1993	success	f564bcae-8818-45a6-8be4-77d5a567d219	0	2026-06-02T18:21:29.918715+00:00	2026-06-02T18:21:40.747001+00:00	uv run dg launch --target-path scheduler --assets key:clickhouse/raw/eastmoney__income_ytd --partition 1993
eastmoney__income_ytd 1994	success	655c0e6a-473e-4681-883c-ef3fc00dc280	0	2026-06-02T18:21:40.747639+00:00	2026-06-02T18:21:51.903963+00:00	uv run dg launch --target-path scheduler --assets key:clickhouse/raw/eastmoney__income_ytd --partition 1994
eastmoney__income_ytd 1995	success	7c663df3-94b2-4f39-83eb-9ed4fd15533f	0	2026-06-02T18:21:51.904578+00:00	2026-06-02T18:22:02.977363+00:00	uv run dg launch --target-path scheduler --assets key:clickhouse/raw/eastmoney__income_ytd --partition 1995
eastmoney__income_ytd 1996	success	050b8d26-79db-4f4c-8fda-0b4ba4b182e0	0	2026-06-02T18:22:02.977972+00:00	2026-06-02T18:22:13.886848+00:00	uv run dg launch --target-path scheduler --assets key:clickhouse/raw/eastmoney__income_ytd --partition 1996
eastmoney__income_ytd 1997	success	64ec0cb6-0b71-4f95-a810-19e930e8defe	0	2026-06-02T18:22:13.887509+00:00	2026-06-02T18:22:25.069185+00:00	uv run dg launch --target-path scheduler --assets key:clickhouse/raw/eastmoney__income_ytd --partition 1997
eastmoney__income_ytd 1998	success	36e4c712-e9f7-4bc6-b096-558ac615ef0a	0	2026-06-02T18:22:25.069809+00:00	2026-06-02T18:22:36.208176+00:00	uv run dg launch --target-path scheduler --assets key:clickhouse/raw/eastmoney__income_ytd --partition 1998
eastmoney__income_ytd 1999	success	ca8519f9-51f4-45ce-ae9a-0274ee9e716b	0	2026-06-02T18:22:36.208809+00:00	2026-06-02T18:22:47.195491+00:00	uv run dg launch --target-path scheduler --assets key:clickhouse/raw/eastmoney__income_ytd --partition 1999
eastmoney__income_ytd 2000	success	5ca19521-fc14-4a1c-83fd-a4769b931fa7	0	2026-06-02T18:22:47.196127+00:00	2026-06-02T18:22:58.400364+00:00	uv run dg launch --target-path scheduler --assets key:clickhouse/raw/eastmoney__income_ytd --partition 2000
eastmoney__income_ytd 2001	success	849ee766-b22c-45d4-9c28-9e45624eebf9	0	2026-06-02T18:22:58.400997+00:00	2026-06-02T18:23:09.860943+00:00	uv run dg launch --target-path scheduler --assets key:clickhouse/raw/eastmoney__income_ytd --partition 2001
eastmoney__income_ytd 2002	success	295217e7-614d-41d3-80f8-cd75d3382e59	0	2026-06-02T18:23:09.861574+00:00	2026-06-02T18:23:21.084488+00:00	uv run dg launch --target-path scheduler --assets key:clickhouse/raw/eastmoney__income_ytd --partition 2002
eastmoney__income_ytd 2003	success	70adb649-6011-4285-acdf-6b0cc3add457	0	2026-06-02T18:23:21.084834+00:00	2026-06-02T18:23:32.237931+00:00	uv run dg launch --target-path scheduler --assets key:clickhouse/raw/eastmoney__income_ytd --partition 2003
eastmoney__income_ytd 2004	success	9fb174a5-af16-48c7-a68b-368b94b2a207	0	2026-06-02T18:23:32.238363+00:00	2026-06-02T18:23:43.393776+00:00	uv run dg launch --target-path scheduler --assets key:clickhouse/raw/eastmoney__income_ytd --partition 2004
eastmoney__income_ytd 2005	success	e1a4a70d-d78e-46fe-aec5-6545c51081cc	0	2026-06-02T18:23:43.394407+00:00	2026-06-02T18:23:54.516924+00:00	uv run dg launch --target-path scheduler --assets key:clickhouse/raw/eastmoney__income_ytd --partition 2005
eastmoney__income_ytd 2006	success	9f875eff-3f29-40ff-a28c-651a29be39df	0	2026-06-02T18:23:54.517559+00:00	2026-06-02T18:24:05.649442+00:00	uv run dg launch --target-path scheduler --assets key:clickhouse/raw/eastmoney__income_ytd --partition 2006
eastmoney__income_ytd 2007	success	b019a0f8-7c8c-4771-9f73-551a55523a05	0	2026-06-02T18:24:05.650064+00:00	2026-06-02T18:24:16.680111+00:00	uv run dg launch --target-path scheduler --assets key:clickhouse/raw/eastmoney__income_ytd --partition 2007
eastmoney__income_ytd 2008	success	8e045125-adab-4a33-a7f7-cebedc7c1324	0	2026-06-02T18:24:16.680737+00:00	2026-06-02T18:24:27.937692+00:00	uv run dg launch --target-path scheduler --assets key:clickhouse/raw/eastmoney__income_ytd --partition 2008
eastmoney__income_ytd 2009	success	26f6061b-b929-4b09-ba50-fb9cdb3d7e38	0	2026-06-02T18:24:27.938078+00:00	2026-06-02T18:24:38.956740+00:00	uv run dg launch --target-path scheduler --assets key:clickhouse/raw/eastmoney__income_ytd --partition 2009
eastmoney__income_ytd 2010	success	c1bd4b2e-0d79-4043-b2c8-b0f622875e9b	0	2026-06-02T18:24:38.957036+00:00	2026-06-02T18:24:50.254668+00:00	uv run dg launch --target-path scheduler --assets key:clickhouse/raw/eastmoney__income_ytd --partition 2010
eastmoney__income_ytd 2011	success	c4c721ac-8845-4bd4-aa95-3d5146436d12	0	2026-06-02T18:24:50.255282+00:00	2026-06-02T18:25:01.786112+00:00	uv run dg launch --target-path scheduler --assets key:clickhouse/raw/eastmoney__income_ytd --partition 2011
eastmoney__income_ytd 2012	success	d058bb3e-37ef-47b3-a410-18b779f3bbf4	0	2026-06-02T18:25:01.786488+00:00	2026-06-02T18:25:12.942093+00:00	uv run dg launch --target-path scheduler --assets key:clickhouse/raw/eastmoney__income_ytd --partition 2012
eastmoney__income_ytd 2013	success	128a64c8-c047-43d7-9ffa-a9a5e2e78b71	0	2026-06-02T18:25:12.942719+00:00	2026-06-02T18:25:24.288873+00:00	uv run dg launch --target-path scheduler --assets key:clickhouse/raw/eastmoney__income_ytd --partition 2013
eastmoney__income_ytd 2014	success	bca02df1-7f23-4a7c-bc8c-998934ce0c7b	0	2026-06-02T18:25:24.289178+00:00	2026-06-02T18:25:35.558249+00:00	uv run dg launch --target-path scheduler --assets key:clickhouse/raw/eastmoney__income_ytd --partition 2014
eastmoney__income_ytd 2015	success	a5eac50d-0469-460d-ac42-71821c9df1ca	0	2026-06-02T18:25:35.558906+00:00	2026-06-02T18:25:47.009466+00:00	uv run dg launch --target-path scheduler --assets key:clickhouse/raw/eastmoney__income_ytd --partition 2015
eastmoney__income_ytd 2016	success	1cb11e7e-28bd-45d7-aa06-2a555ea756e9	0	2026-06-02T18:25:47.010081+00:00	2026-06-02T18:25:58.444281+00:00	uv run dg launch --target-path scheduler --assets key:clickhouse/raw/eastmoney__income_ytd --partition 2016
eastmoney__income_ytd 2017	success	026dc423-7a69-4e06-89ef-f76a76a7425d	0	2026-06-02T18:25:58.444932+00:00	2026-06-02T18:26:09.783678+00:00	uv run dg launch --target-path scheduler --assets key:clickhouse/raw/eastmoney__income_ytd --partition 2017
eastmoney__income_ytd 2018	success	ed00b7f7-915d-4dd5-99e8-a24ca2f84c69	0	2026-06-02T18:26:09.784295+00:00	2026-06-02T18:26:21.366809+00:00	uv run dg launch --target-path scheduler --assets key:clickhouse/raw/eastmoney__income_ytd --partition 2018
eastmoney__income_ytd 2019	success	4ac40fc5-29fd-46b5-88c4-3e2c3b1d75e9	0	2026-06-02T18:26:21.367168+00:00	2026-06-02T18:26:32.623469+00:00	uv run dg launch --target-path scheduler --assets key:clickhouse/raw/eastmoney__income_ytd --partition 2019
eastmoney__income_ytd 2020	success	54cbf667-c11e-4df3-ba5c-3c1bfb557270	0	2026-06-02T18:26:32.623771+00:00	2026-06-02T18:26:43.937609+00:00	uv run dg launch --target-path scheduler --assets key:clickhouse/raw/eastmoney__income_ytd --partition 2020
eastmoney__income_ytd 2021	success	3525821e-f4cd-430c-a248-6d1447e1282f	0	2026-06-02T18:26:43.938234+00:00	2026-06-02T18:26:55.385241+00:00	uv run dg launch --target-path scheduler --assets key:clickhouse/raw/eastmoney__income_ytd --partition 2021
eastmoney__income_ytd 2022	success	a6cb18ad-71b3-48c0-a787-4d0e0017670c	0	2026-06-02T18:26:55.385558+00:00	2026-06-02T18:27:07.201090+00:00	uv run dg launch --target-path scheduler --assets key:clickhouse/raw/eastmoney__income_ytd --partition 2022
eastmoney__income_ytd 2023	success	d08d4073-5be2-42a5-a36e-a784c912e6fd	0	2026-06-02T18:27:07.201444+00:00	2026-06-02T18:27:18.592890+00:00	uv run dg launch --target-path scheduler --assets key:clickhouse/raw/eastmoney__income_ytd --partition 2023
eastmoney__income_ytd 2024	success	41688682-ddd7-4f8d-8f44-e66048ee666b	0	2026-06-02T18:27:18.593513+00:00	2026-06-02T18:27:30.103798+00:00	uv run dg launch --target-path scheduler --assets key:clickhouse/raw/eastmoney__income_ytd --partition 2024
eastmoney__income_ytd 2025	success	24352581-d52a-444e-bcad-712dd7cfda67	0	2026-06-02T18:27:30.104431+00:00	2026-06-02T18:27:41.523611+00:00	uv run dg launch --target-path scheduler --assets key:clickhouse/raw/eastmoney__income_ytd --partition 2025
eastmoney__income_ytd 2026	success	ffaa1aeb-87e5-4347-a664-1efa08d1312f	0	2026-06-02T18:27:41.523909+00:00	2026-06-02T18:27:52.823087+00:00	uv run dg launch --target-path scheduler --assets key:clickhouse/raw/eastmoney__income_ytd --partition 2026
jiuyan__action_field_compacted 2026	success	f74317b7-11bc-480f-8ce6-f364e58f8d83	0	2026-06-02T18:27:52.823467+00:00	2026-06-02T18:28:04.035104+00:00	uv run dg launch --target-path scheduler --assets key:clickhouse/raw/jiuyan__action_field_compacted --partition 2026
jiuyan__industry_list snapshot	success	d169806d-feac-490f-bcc2-9b3b6fafb7aa	0	2026-06-02T18:28:04.035712+00:00	2026-06-02T18:28:14.904200+00:00	uv run dg launch --target-path scheduler --assets key:clickhouse/raw/jiuyan__industry_list
jiuyan__industry_ocr_snapshot snapshot	success	7851d1df-05e7-4686-8bc3-274dad65d213	0	2026-06-02T18:28:14.904529+00:00	2026-06-02T18:28:25.647638+00:00	uv run dg launch --target-path scheduler --assets key:clickhouse/raw/jiuyan__industry_ocr_snapshot
sina__trade_calendar snapshot	success	f19cb33d-2371-4acd-859e-a9e9bbe7e797	0	2026-06-02T18:28:25.647935+00:00	2026-06-02T18:28:36.385568+00:00	uv run dg launch --target-path scheduler --assets key:clickhouse/raw/sina__trade_calendar
ths__limit_up_pool_compacted 2025	success	d3b50ed0-9116-46bc-86ef-98ba0b0408de	0	2026-06-02T18:28:36.386151+00:00	2026-06-02T18:28:47.559157+00:00	uv run dg launch --target-path scheduler --assets key:clickhouse/raw/ths__limit_up_pool_compacted --partition 2025
ths__limit_up_pool_compacted 2026	success	c13d090b-a411-4a96-bb39-fee19f5441e3	0	2026-06-02T18:28:47.559453+00:00	2026-06-02T18:28:58.610316+00:00	uv run dg launch --target-path scheduler --assets key:clickhouse/raw/ths__limit_up_pool_compacted --partition 2026
